ID,Name,"Mini Description",Description,SKU,Price,"Compare Price","Price After Sale","On Sale",Stock,Category,Subcategory,"Image Name","All Images",Active,Featured,"Created At"
1,"iPhone 15 Pro Max 256GB","Apple's flagship with A17 Pro chip, titanium design, and 48MP camera system.","Apple's flagship with A17 Pro chip, titanium design, and 48MP camera system.",PHN-2C6705,1399,,1399,No,25,Electronics,Smartphones,iphone-15-pro-max-256gb.webp,iphone-15-pro-max-256gb.webp,Yes,Yes,"2026-01-08 13:36:09"
2,"Samsung Galaxy S24 Ultra","AI-powered Galaxy with S Pen, 200MP camera, and Snapdragon 8 Gen 3.","AI-powered Galaxy with S Pen, 200MP camera, and Snapdragon 8 Gen 3.",PHN-KI4560,1299,1850,1299,Yes,18,Electronics,Smartphones,samsung-galaxy-s24-ultra.webp,samsung-galaxy-s24-ultra.webp,Yes,Yes,"2026-01-08 13:36:09"
3,"Xiaomi 14 Pro","Leica optics, Snapdragon 8 Gen 3, and 120W HyperCharge.","Leica optics, Snapdragon 8 Gen 3, and 120W HyperCharge.",PHN-CD2223,799,1780,799,Yes,35,Electronics,Smartphones,xiaomi-14-pro.webp,xiaomi-14-pro.webp,Yes,No,"2026-01-08 13:36:09"
4,"HUAWEI Mate 60 Pro","Satellite calling, Kirin 9000S chip, and variable aperture camera.","Satellite calling, Kirin 9000S chip, and variable aperture camera.",PHN-IO2800,999,,999,No,12,Electronics,Smartphones,huawei-mate-60-pro.webp,huawei-mate-60-pro.webp,Yes,No,"2026-01-08 13:36:09"
5,"OPPO Reno 11 Pro","Portrait expert with Hasselblad color science and 80W fast charging.","Portrait expert with Hasselblad color science and 80W fast charging.",PHN-JT3804,549,915,549,Yes,42,Electronics,Smartphones,oppo-reno-11-pro.webp,oppo-reno-11-pro.webp,Yes,No,"2026-01-08 13:36:09"
6,"Google Pixel 8 Pro","Best-in-class AI photography with Tensor G3 chip and 7 years of updates.","Best-in-class AI photography with Tensor G3 chip and 7 years of updates.",PHN-CV3770,999,1430,999,Yes,20,Electronics,Smartphones,google-pixel-8-pro.webp,google-pixel-8-pro.webp,Yes,Yes,"2026-01-08 13:36:09"
7,"OnePlus 12","Flagship killer with Snapdragon 8 Gen 3 and 100W SUPERVOOC charging.","Flagship killer with Snapdragon 8 Gen 3 and 100W SUPERVOOC charging.",PHN-T59062,799,1140,799,Yes,28,Electronics,Smartphones,oneplus-12.webp,oneplus-12.webp,Yes,No,"2026-01-08 13:36:09"
8,"MacBook Pro 14"" M3 Pro","Apple silicon powerhouse with Liquid Retina XDR display and 18-hour battery.","Apple silicon powerhouse with Liquid Retina XDR display and 18-hour battery.",LAP-5H1415,1999,,1999,No,8,Electronics,Laptops,macbook-pro-14-m3-pro.webp,macbook-pro-14-m3-pro.webp,Yes,Yes,"2026-01-08 13:36:09"
9,"Dell XPS 15 (2024)","Intel Core Ultra, OLED display, and premium aluminum build.","Intel Core Ultra, OLED display, and premium aluminum build.",LAP-ZA6057,1599,2280,1599,Yes,15,Electronics,Laptops,dell-xps-15-2024.webp,dell-xps-15-2024.webp,Yes,Yes,"2026-01-08 13:36:09"
10,"ASUS ROG Strix G16","RTX 4070 gaming laptop with 165Hz display and RGB lighting.","RTX 4070 gaming laptop with 165Hz display and RGB lighting.",LAP-IY1708,1449,,1449,No,10,Electronics,Laptops,asus-rog-strix-g16.webp,asus-rog-strix-g16.webp,Yes,No,"2026-01-08 13:36:09"
11,"Lenovo ThinkPad X1 Carbon Gen 11","Business ultrabook with Intel vPro, 4G LTE, and legendary keyboard.","Business ultrabook with Intel vPro, 4G LTE, and legendary keyboard.",LAP-586226,1699,2430,1699,Yes,6,Electronics,Laptops,lenovo-thinkpad-x1-carbon-gen-11.webp,lenovo-thinkpad-x1-carbon-gen-11.webp,Yes,No,"2026-01-08 13:36:09"
12,"HP Pavilion 15","Affordable everyday laptop with Intel Core i5 and 512GB SSD.","Affordable everyday laptop with Intel Core i5 and 512GB SSD.",LAP-E53942,549,915,549,Yes,45,Electronics,Laptops,hp-pavilion-15.webp,hp-pavilion-15.webp,Yes,No,"2026-01-08 13:36:09"
13,"Microsoft Surface Laptop 5","Sleek design with PixelSense touchscreen and all-day battery life.","Sleek design with PixelSense touchscreen and all-day battery life.",LAP-ZN1703,1299,,1299,No,12,Electronics,Laptops,microsoft-surface-laptop-5.webp,microsoft-surface-laptop-5.webp,Yes,No,"2026-01-08 13:36:09"
14,"Acer Swift Go 14","Ultra-portable with Intel Core Ultra and stunning 2.8K OLED display.","Ultra-portable with Intel Core Ultra and stunning 2.8K OLED display.",LAP-LX2278,899,1500,899,Yes,22,Electronics,Laptops,acer-swift-go-14.webp,acer-swift-go-14.webp,Yes,No,"2026-01-08 13:36:09"
15,"Apple AirPods Pro 2nd Gen","Active noise cancellation, spatial audio, and USB-C charging case.","Active noise cancellation, spatial audio, and USB-C charging case.",ACC-HJ4908,249,,249,No,65,Electronics,Accessories,apple-airpods-pro-2nd-gen.webp,apple-airpods-pro-2nd-gen.webp,Yes,Yes,"2026-01-08 13:36:09"
16,"Samsung 25W USB-C Charger","Super fast charging adapter compatible with Galaxy devices.","Super fast charging adapter compatible with Galaxy devices.",ACC-RG6934,29,58,29,Yes,150,Electronics,Accessories,samsung-25w-usb-c-charger.webp,samsung-25w-usb-c-charger.webp,Yes,No,"2026-01-08 13:36:09"
17,"Anker PowerCore 20000mAh","High-capacity power bank with dual USB ports and fast charging.","High-capacity power bank with dual USB ports and fast charging.",ACC-F04878,59,150,59,Yes,85,Electronics,Accessories,anker-powercore-20000mah.webp,anker-powercore-20000mah.webp,Yes,No,"2026-01-08 13:36:09"
18,"Logitech MX Master 3S","Quiet clicks, 8K DPI sensor, and MagSpeed electromagnetic scrolling.","Quiet clicks, 8K DPI sensor, and MagSpeed electromagnetic scrolling.",ACC-T84438,99,165,99,Yes,40,Electronics,Accessories,logitech-mx-master-3s.webp,logitech-mx-master-3s.webp,Yes,Yes,"2026-01-08 13:36:09"
19,"JBL Tune 760NC Headphones","Wireless over-ear headphones with active noise cancelling and 50hr battery.","Wireless over-ear headphones with active noise cancelling and 50hr battery.",ACC-FJ6964,119,170,119,Yes,55,Electronics,Accessories,jbl-tune-760nc-headphones.webp,jbl-tune-760nc-headphones.webp,Yes,No,"2026-01-08 13:36:09"
20,"Apple Watch Series 9","Advanced health features with double tap gesture and brighter display.","Advanced health features with double tap gesture and brighter display.",ACC-IC3475,429,,429,No,30,Electronics,Accessories,apple-watch-series-9.webp,apple-watch-series-9.webp,Yes,Yes,"2026-01-08 13:36:09"
21,"La Roche-Posay Effaclar Duo","Dual action acne treatment for oily and blemish-prone skin.","Dual action acne treatment for oily and blemish-prone skin.",SKN-AL4609,28,70,28,Yes,75,Skincare,,la-roche-posay-effaclar-duo.webp,la-roche-posay-effaclar-duo.webp,Yes,No,"2026-01-08 13:36:09"
22,"CeraVe Moisturizing Cream","Rich cream with ceramides and hyaluronic acid for 24hr hydration.","Rich cream with ceramides and hyaluronic acid for 24hr hydration.",SKN-4P7657,19,48,19,Yes,110,Skincare,,cerave-moisturizing-cream.webp,cerave-moisturizing-cream.webp,Yes,Yes,"2026-01-08 13:36:09"
23,"The Ordinary Niacinamide 10%","Serum for reducing blemishes and balancing sebum.","Serum for reducing blemishes and balancing sebum.",SKN-1G6709,12,,12,No,95,Skincare,,the-ordinary-niacinamide-10.webp,the-ordinary-niacinamide-10.webp,Yes,No,"2026-01-08 13:36:09"
24,"Dead Sea Mud Mask","Authentic Jordan Dead Sea mud for deep pore cleansing.","Authentic Jordan Dead Sea mud for deep pore cleansing.",SKN-282747,24,40,24,Yes,60,Skincare,,dead-sea-mud-mask.webp,dead-sea-mud-mask.webp,Yes,Yes,"2026-01-08 13:36:09"
25,"Bioderma Sensibio H2O Micellar","Gentle makeup remover for sensitive skin, 500ml.","Gentle makeup remover for sensitive skin, 500ml.",SKN-6X1392,22,75,22,Yes,85,Skincare,,bioderma-sensibio-h2o-micellar.webp,bioderma-sensibio-h2o-micellar.webp,Yes,No,"2026-01-08 13:36:09"
26,"Minimalist Silver Bracelet","Elegant sterling silver bracelet with minimalist design. Adjustable chain length, hypoallergenic, perfect for everyday wear.","Elegant sterling silver bracelet with minimalist design. Adjustable chain length, hypoallergenic, perfect for everyday wear.",UG0-4357,18,,18,No,50,Fashion,"Women's Fashion",minimalist-silver-bracelet.webp,minimalist-silver-bracelet.webp,Yes,No,"2026-01-08 13:36:09"
27,"Canvas Tote Bag","Durable cotton canvas tote bag with inner pocket. Eco-friendly, reusable, great for shopping or daily use.","Durable cotton canvas tote bag with inner pocket. Eco-friendly, reusable, great for shopping or daily use.",WEG-4462,15,,15,No,60,Fashion,"Women's Fashion",canvas-tote-bag.webp,canvas-tote-bag.webp,Yes,No,"2026-01-08 13:36:09"
28,"Leather Belt","Classic genuine leather belt with brushed metal buckle. Available in multiple sizes, durable and stylish.","Classic genuine leather belt with brushed metal buckle. Available in multiple sizes, durable and stylish.",WOE-6269,22,40,22,Yes,40,Fashion,"Men's Fashion",leather-belt.webp,leather-belt.webp,Yes,No,"2026-01-08 13:36:09"
29,"Wool Beanie Hat","Soft merino wool beanie hat for winter. Warm, breathable, and comfortable fit for all head sizes.","Soft merino wool beanie hat for winter. Warm, breathable, and comfortable fit for all head sizes.",II9-4888,12,22,12,Yes,55,Fashion,"Men's Fashion",wool-beanie-hat.webp,wool-beanie-hat.webp,Yes,No,"2026-01-08 13:36:09"
30,"Electric Kettle 1.7L","Fast boiling electric kettle with auto shut-off and boil-dry protection. Stainless steel interior, BPA-free.","Fast boiling electric kettle with auto shut-off and boil-dry protection. Stainless steel interior, BPA-free.",YCF-5140,28,,28,No,35,"Home & Kitchen","Kitchen Appliances",electric-kettle-17l.webp,electric-kettle-17l.webp,Yes,No,"2026-01-08 13:36:09"
31,"Bamboo Cutting Board Set","Set of 3 organic bamboo cutting boards in different sizes. Knife-friendly surface, easy to clean, with juice grooves.","Set of 3 organic bamboo cutting boards in different sizes. Knife-friendly surface, easy to clean, with juice grooves.",NSD-3415,20,,20,No,40,"Home & Kitchen","Kitchen Appliances",bamboo-cutting-board-set.webp,bamboo-cutting-board-set.webp,Yes,No,"2026-01-08 13:36:09"
32,"Stainless Steel Knife Set","Professional 6-piece knife set with wooden block. High-carbon stainless steel blades, ergonomic handles.","Professional 6-piece knife set with wooden block. High-carbon stainless steel blades, ergonomic handles.",Y9Q-6705,35,60,35,Yes,25,"Home & Kitchen","Kitchen Appliances",stainless-steel-knife-set.webp,stainless-steel-knife-set.webp,Yes,No,"2026-01-08 13:36:09"
33,"Glass Food Storage Containers","Set of 5 borosilicate glass containers with airtight lids. Microwave, oven, freezer, and dishwasher safe.","Set of 5 borosilicate glass containers with airtight lids. Microwave, oven, freezer, and dishwasher safe.",IAO-6599,24,,24,No,30,"Home & Kitchen","Kitchen Appliances",glass-food-storage-containers.webp,glass-food-storage-containers.webp,Yes,No,"2026-01-08 13:36:09"
34,"Adjustable Dumbbell Set","Space-saving adjustable dumbbells from 2.5kg to 12.5kg each. Quick-change weight system, anti-slip grip.","Space-saving adjustable dumbbells from 2.5kg to 12.5kg each. Quick-change weight system, anti-slip grip.",DOL-7016,45,,45,No,20,Sports,"Fitness Equipment",adjustable-dumbbell-set.webp,adjustable-dumbbell-set.webp,Yes,No,"2026-01-08 13:36:09"
35,"Jump Rope","Speed jump rope with ball bearings for smooth rotation. Adjustable length, comfortable foam handles.","Speed jump rope with ball bearings for smooth rotation. Adjustable length, comfortable foam handles.",CWF-5649,8,,8,No,70,Sports,"Sports Gear",jump-rope.webp,jump-rope.webp,Yes,No,"2026-01-08 13:36:09"
36,"Sports Gym Bag","Large capacity gym bag with shoe compartment and wet pocket. Water-resistant fabric, adjustable shoulder strap.","Large capacity gym bag with shoe compartment and wet pocket. Water-resistant fabric, adjustable shoulder strap.",RMS-9773,25,55,25,Yes,35,Sports,"Fitness Equipment",sports-gym-bag.webp,sports-gym-bag.webp,Yes,No,"2026-01-08 13:36:09"
37,"Foam Roller","High-density foam roller for muscle recovery and massage. Textured surface for deep tissue relief, 45cm length.","High-density foam roller for muscle recovery and massage. Textured surface for deep tissue relief, 45cm length.",EOQ-4491,14,,14,No,45,Sports,"Fitness Equipment",foam-roller.webp,foam-roller.webp,Yes,No,"2026-01-08 13:36:09"
38,"Watercolor Paint Set","Professional watercolor set with 24 vibrant colors. Includes palette, brushes, and portable case.","Professional watercolor set with 24 vibrant colors. Includes palette, brushes, and portable case.",G79-9509,22,,22,No,30,Stationery,"School Supplies",watercolor-paint-set.webp,watercolor-paint-set.webp,Yes,No,"2026-01-08 13:36:09"
39,"Sticky Notes Variety Pack","Colorful sticky notes in various sizes and shapes. 500 sheets total, perfect for organization and reminders.","Colorful sticky notes in various sizes and shapes. 500 sheets total, perfect for organization and reminders.",SUZ-2161,8,,8,No,80,Stationery,"Office Supplies",sticky-notes-variety-pack.webp,sticky-notes-variety-pack.webp,Yes,No,"2026-01-08 13:36:09"
40,"Mechanical Pencil Set","Set of 4 mechanical pencils with different lead sizes (0.3, 0.5, 0.7, 0.9mm). Includes lead refills and erasers.","Set of 4 mechanical pencils with different lead sizes (0.3, 0.5, 0.7, 0.9mm). Includes lead refills and erasers.",ERP-1574,12,17,12,Yes,50,Stationery,"Office Supplies",mechanical-pencil-set.webp,mechanical-pencil-set.webp,Yes,No,"2026-01-08 13:36:09"
41,"A4 Sketchbook 100 Pages","Premium A4 sketchbook with 100 pages of acid-free paper. 160gsm weight, suitable for pencil, charcoal, and light markers.","Premium A4 sketchbook with 100 pages of acid-free paper. 160gsm weight, suitable for pencil, charcoal, and light markers.",JQ0-1779,10,,10,No,55,Stationery,"Office Supplies",a4-sketchbook-100-pages.webp,a4-sketchbook-100-pages.webp,Yes,No,"2026-01-08 13:36:09"
42,"Plush Teddy Bear","Soft and cuddly plush teddy bear, 30cm tall. Made with child-safe materials, machine washable.","Soft and cuddly plush teddy bear, 30cm tall. Made with child-safe materials, machine washable.",ZXJ-3574,16,,16,No,45,Kids,Toys,plush-teddy-bear.webp,plush-teddy-bear.webp,Yes,No,"2026-01-08 13:36:09"
43,"Kids Puzzle Set 100pc","Colorful 100-piece jigsaw puzzle with fun design. Large pieces for small hands, develops problem-solving skills.","Colorful 100-piece jigsaw puzzle with fun design. Large pieces for small hands, develops problem-solving skills.",Z4Q-6716,12,,12,No,40,Kids,Toys,kids-puzzle-set-100pc.webp,kids-puzzle-set-100pc.webp,Yes,No,"2026-01-08 13:36:09"
44,"Baby Sippy Cup","Spill-proof sippy cup with easy-grip handles. BPA-free, dishwasher safe, 240ml capacity. Ages 6+ months.","Spill-proof sippy cup with easy-grip handles. BPA-free, dishwasher safe, 240ml capacity. Ages 6+ months.",BKW-9554,8,20,8,Yes,60,Kids,Toys,baby-sippy-cup.webp,baby-sippy-cup.webp,Yes,No,"2026-01-08 13:36:09"
45,"Coloring Book Set","Set of 4 coloring books with crayons. Features animals, vehicles, nature, and characters. Ages 3+.","Set of 4 coloring books with crayons. Features animals, vehicles, nature, and characters. Ages 3+.",CP9-3514,10,20,10,Yes,50,Kids,Toys,coloring-book-set.webp,coloring-book-set.webp,Yes,No,"2026-01-08 13:36:09"
46,"Classic Leather Watch","Elegant unisex watch with genuine leather strap and minimalist dial design. Water-resistant up to 30m, perfect for everyday wear.","Elegant unisex watch with genuine leather strap and minimalist dial design. Water-resistant up to 30m, perfect for everyday wear.",OYL-1660,55,,55,No,30,Fashion,"Men's Fashion",classic-leather-watch.webp,classic-leather-watch.webp,Yes,No,"2026-01-08 13:36:09"
47,"Polarized Sunglasses","UV400 protection polarized sunglasses with lightweight frame. Reduces glare and protects your eyes in style.","UV400 protection polarized sunglasses with lightweight frame. Reduces glare and protects your eyes in style.",ILX-7246,30,,30,No,45,Fashion,"Men's Fashion",polarized-sunglasses.webp,polarized-sunglasses.webp,Yes,No,"2026-01-08 13:36:09"
48,"Leather Crossbody Bag","Compact genuine leather crossbody bag with adjustable strap. Multiple compartments for organized storage.","Compact genuine leather crossbody bag with adjustable strap. Multiple compartments for organized storage.",UNQ-3253,42,,42,No,25,Fashion,"Men's Fashion",leather-crossbody-bag.webp,leather-crossbody-bag.webp,Yes,No,"2026-01-08 13:36:09"
49,"Silk Scarf","Luxurious 100% silk scarf with elegant pattern. Versatile accessory for any outfit.","Luxurious 100% silk scarf with elegant pattern. Versatile accessory for any outfit.",WYC-3973,25,65,25,Yes,40,Fashion,"Women's Fashion",silk-scarf.webp,silk-scarf.webp,Yes,No,"2026-01-08 13:36:09"
50,"French Press Coffee Maker","Premium stainless steel French press with 1L capacity. Heat-resistant borosilicate glass for perfect coffee every time.","Premium stainless steel French press with 1L capacity. Heat-resistant borosilicate glass for perfect coffee every time.",68J-3465,25,45,25,Yes,35,"Home & Kitchen","Kitchen Appliances",french-press-coffee-maker.webp,french-press-coffee-maker.webp,Yes,No,"2026-01-08 13:36:09"
51,"Smart LED Desk Lamp","Touch-controlled LED desk lamp with adjustable brightness and color temperature. USB charging port included.","Touch-controlled LED desk lamp with adjustable brightness and color temperature. USB charging port included.",MPJ-3403,32,,32,No,28,"Home & Kitchen","Home Decor",smart-led-desk-lamp.webp,smart-led-desk-lamp.webp,Yes,No,"2026-01-08 13:36:09"
52,"Ceramic Cookware Set 5pc","Non-toxic ceramic coated cookware set. Includes frying pan, saucepan, and stockpot with lids. PFOA-free.","Non-toxic ceramic coated cookware set. Includes frying pan, saucepan, and stockpot with lids. PFOA-free.",ALE-9754,55,,55,No,20,"Home & Kitchen","Kitchen Appliances",ceramic-cookware-set-5pc.webp,ceramic-cookware-set-5pc.webp,Yes,No,"2026-01-08 13:36:09"
53,"Aromatherapy Diffuser","Ultrasonic essential oil diffuser with LED mood lighting. Quiet operation, auto shut-off, 300ml capacity.","Ultrasonic essential oil diffuser with LED mood lighting. Quiet operation, auto shut-off, 300ml capacity.",UMT-3675,22,34,22,Yes,42,"Home & Kitchen","Kitchen Appliances",aromatherapy-diffuser.webp,aromatherapy-diffuser.webp,Yes,No,"2026-01-08 13:36:09"
54,"Premium Yoga Mat 6mm","Eco-friendly TPE yoga mat with non-slip surface. 6mm thickness for joint protection. Includes carrying strap.","Eco-friendly TPE yoga mat with non-slip surface. 6mm thickness for joint protection. Includes carrying strap.",BHP-5545,18,,18,No,50,Sports,"Fitness Equipment",premium-yoga-mat-6mm.webp,premium-yoga-mat-6mm.webp,Yes,No,"2026-01-08 13:36:09"
55,"Resistance Bands Set","Set of 5 resistance bands with different strength levels. Includes door anchor, handles, and carrying bag.","Set of 5 resistance bands with different strength levels. Includes door anchor, handles, and carrying bag.",BX6-1298,15,43,15,Yes,60,Sports,"Fitness Equipment",resistance-bands-set.webp,resistance-bands-set.webp,Yes,No,"2026-01-08 13:36:09"
56,"Insulated Water Bottle 750ml","Double-wall vacuum insulated stainless steel bottle. Keeps drinks cold 24hrs or hot 12hrs. BPA-free.","Double-wall vacuum insulated stainless steel bottle. Keeps drinks cold 24hrs or hot 12hrs. BPA-free.",7YC-7390,16,,16,No,55,Sports,"Sports Gear",insulated-water-bottle-750ml.webp,insulated-water-bottle-750ml.webp,Yes,No,"2026-01-08 13:36:09"
57,"Foldable Camping Chair","Lightweight aluminum frame camping chair with cup holder. Supports up to 120kg. Includes carry bag.","Lightweight aluminum frame camping chair with cup holder. Supports up to 120kg. Includes carry bag.",7T6-1140,28,55,28,Yes,30,Sports,"Fitness Equipment",foldable-camping-chair.webp,foldable-camping-chair.webp,Yes,No,"2026-01-08 13:36:09"
58,"Leather Journal Notebook","Handcrafted genuine leather journal with 200 lined pages. A5 size with ribbon bookmark and elastic closure.","Handcrafted genuine leather journal with 200 lined pages. A5 size with ribbon bookmark and elastic closure.",UMN-1616,15,27,15,Yes,45,Stationery,"School Supplies",leather-journal-notebook.webp,leather-journal-notebook.webp,Yes,No,"2026-01-08 13:36:10"
59,"Premium Metal Pen Set","Elegant metal ballpoint pen set in gift box. Smooth writing experience with replaceable refills.","Elegant metal ballpoint pen set in gift box. Smooth writing experience with replaceable refills.",KAH-7798,20,,20,No,40,Stationery,"Office Supplies",premium-metal-pen-set.webp,premium-metal-pen-set.webp,Yes,No,"2026-01-08 13:36:10"
60,"Bamboo Desk Organizer","Eco-friendly bamboo desk organizer with multiple compartments. Perfect for pens, phone, and office supplies.","Eco-friendly bamboo desk organizer with multiple compartments. Perfect for pens, phone, and office supplies.",OEO-6302,24,,24,No,35,Stationery,"Office Supplies",bamboo-desk-organizer.webp,bamboo-desk-organizer.webp,Yes,No,"2026-01-08 13:36:10"
61,"Arabic Calligraphy Set","Complete Arabic calligraphy starter kit with bamboo pens, ink, and practice sheets. Includes instruction booklet.","Complete Arabic calligraphy starter kit with bamboo pens, ink, and practice sheets. Includes instruction booklet.",D5W-7340,28,70,28,Yes,25,Stationery,"Office Supplies",arabic-calligraphy-set.webp,arabic-calligraphy-set.webp,Yes,No,"2026-01-08 13:36:10"
62,"Wooden Stacking Toys","Educational wooden stacking rings in vibrant colors. Non-toxic paint, smooth edges. Ages 1+.","Educational wooden stacking rings in vibrant colors. Non-toxic paint, smooth edges. Ages 1+.",JKB-1577,14,40,14,Yes,40,Kids,Toys,wooden-stacking-toys.webp,wooden-stacking-toys.webp,Yes,No,"2026-01-08 13:36:10"
63,"Organic Cotton Baby Blanket","100% GOTS certified organic cotton blanket. Hypoallergenic, soft, and breathable. Machine washable.","100% GOTS certified organic cotton blanket. Hypoallergenic, soft, and breathable. Machine washable.",1SD-6071,22,,22,No,35,Kids,"Kids' Clothing",organic-cotton-baby-blanket.webp,organic-cotton-baby-blanket.webp,Yes,No,"2026-01-08 13:36:10"
64,"Kids Adventure Backpack","Durable kids backpack with fun design. Padded straps, multiple pockets, water-resistant material.","Durable kids backpack with fun design. Padded straps, multiple pockets, water-resistant material.",KPK-5061,18,,18,No,45,Kids,"Kids' Clothing",kids-adventure-backpack.webp,kids-adventure-backpack.webp,Yes,No,"2026-01-08 13:36:10"
65,"Kids Learning Tablet","Interactive learning tablet with Arabic and English content. Educational games, songs, and activities. Ages 3+.","Interactive learning tablet with Arabic and English content. Educational games, songs, and activities. Ages 3+.",BFW-9471,32,,32,No,30,Kids,Toys,kids-learning-tablet.webp,kids-learning-tablet.webp,Yes,No,"2026-01-08 13:36:10"
66,"Metropolis-D.C. Department Store 718pcs","The Metropolis Department Store Building Set is a beautifully detailed construction kit from the Metropolis series. Kids can build a complete shopping store and even combine it with other sets like th...","The Metropolis Department Store Building Set is a beautifully detailed construction kit from the Metropolis series. Kids can build a complete shopping store and even combine it with other sets like the Crowne Hotel to create a full city scene. Made from high-quality, durable ABS plastic, this set inspires creativity and imaginative play.

Features:

725 building pieces with 7 figures

Innovative figures with rotating and moving parts

Can be combined with other Metropolis sets

Compatible with building sets from other major brands

Made from high-quality, safe, and durable ABS plastic

Includes easy-to-follow assembly instructions",M38-B1268,39,,39,No,48,"Building Blocks","City & Buildings",metropolis-dc-department-store-718pcs.webp,"metropolis-dc-department-store-718pcs.webp, metropolis-dc-department-store-718pcs-2.webp, metropolis-dc-department-store-718pcs-3.webp, metropolis-dc-department-store-718pcs-4.webp",Yes,No,"2026-01-08 13:36:10"
67,"Metropolis-Delivery Truck 269pcs","The Metropolis Delivery Truck Building Set lets kids build a realistic delivery truck to add action and detail to their Metropolis city. With 269 pieces, this set encourages creativity, problem-solvin...","The Metropolis Delivery Truck Building Set lets kids build a realistic delivery truck to add action and detail to their Metropolis city. With 269 pieces, this set encourages creativity, problem-solving, and imaginative play. It is made from high-quality ABS plastic and is compatible with building sets from other major brands.

Features:

269 building pieces

Realistic delivery truck design from the Metropolis series

Encourages creativity and building skills

Compatible with building sets from other manufacturers

Made from high-quality, safe ABS plastic

Includes easy-to-follow assembly instructions",M38-B1289,18,,18,No,48,"Building Blocks",Vehicles,metropolis-delivery-truck-269pcs.webp,"metropolis-delivery-truck-269pcs.webp, metropolis-delivery-truck-269pcs-2.webp",Yes,No,"2026-01-08 13:36:10"
68,"Metropolis-Rescue Vehicle(Pull back) 272pcs","The Metropolis Rescue Vehicle Pull-Back Building Set offers kids a fun and interactive building experience. With a pull-back motor feature, the vehicle moves forward after being pulled back, adding ex...","The Metropolis Rescue Vehicle Pull-Back Building Set offers kids a fun and interactive building experience. With a pull-back motor feature, the vehicle moves forward after being pulled back, adding extra excitement to imaginative rescue play. Made from high-quality ABS plastic, this set is compatible with other major building brands.

Features:

272 building pieces

Realistic rescue vehicle design from the Metropolis series

Pull-back function for added play value

Encourages creativity, focus, and building skills

Compatible with building sets from other manufacturers

Made from high-quality, safe ABS plastic

Includes easy-to-follow assembly instructions",M38-B1288,18,,18,No,48,"Building Blocks",Vehicles,metropolis-rescue-vehiclepull-back-272pcs.webp,"metropolis-rescue-vehiclepull-back-272pcs.webp, metropolis-rescue-vehiclepull-back-272pcs-2.webp, metropolis-rescue-vehiclepull-back-272pcs-3.webp, metropolis-rescue-vehiclepull-back-272pcs-4.webp, metropolis-rescue-vehiclepull-back-272pcs-5.webp",Yes,No,"2026-01-08 13:36:10"
69,"Metropolis-Ferris Wheel 504pcs","Experience the funfair buzz with the Metropolis Ferris Wheel, a 504-piece set that brings life and creativity to any cityscape. The set includes a towering Ferris wheel with rotating carriages, articu...","Experience the funfair buzz with the Metropolis Ferris Wheel, a 504-piece set that brings life and creativity to any cityscape. The set includes a towering Ferris wheel with rotating carriages, articulated mini-figures, and vibrant decorative accents to enhance creativity, spatial reasoning, and storytelling. Made from durable, non-toxic ABS plastic, it is compatible with other Metropolis sets and major brick brands.

Features:

504 high-quality building pieces

Oversized Ferris wheel with rotating gondolas

3 articulated mini-figures (riders and operator)

Illustrated full-colour instruction manual

Enhances creativity, spatial reasoning, and imaginative play

Made from durable, non-toxic ABS plastic

Suitable for children 6 years and above

Compatible with all major brick brands",M38-B1286,22,,22,No,48,"Building Blocks","City & Buildings",metropolis-ferris-wheel-504pcs.webp,"metropolis-ferris-wheel-504pcs.webp, metropolis-ferris-wheel-504pcs-2.webp, metropolis-ferris-wheel-504pcs-3.webp, metropolis-ferris-wheel-504pcs-4.webp, metropolis-ferris-wheel-504pcs-5.webp",Yes,No,"2026-01-08 13:36:10"
70,"Metropolis-Roller Coaster 448pcs","Step into the world of fun with the Metropolis Roller Coaster Building Set, a 448-piece amusement park kit. Includes a mini Ferris wheel, ticket booth, ride platforms, and articulated mini-figures, en...","Step into the world of fun with the Metropolis Roller Coaster Building Set, a 448-piece amusement park kit. Includes a mini Ferris wheel, ticket booth, ride platforms, and articulated mini-figures, encouraging storytelling, fine motor skills, and creative urban design. Made from durable, non-toxic ABS plastic, compatible with other Metropolis and major brick brands.

Features:

448 high-quality building bricks

Mini Ferris wheel with rotating platform

Ticket booth and ride platform

3 articulated mini-figures (visitors and ride operator)

Illustrated full-colour instruction manual

Enhances creativity, fine motor skills, and imaginative play

Made from durable, non-toxic ABS plastic

Suitable for children 6 years and above

Compatible with all major brick brands",M38-B1285,22,39,22,Yes,48,"Building Blocks","City & Buildings",metropolis-roller-coaster-448pcs.webp,"metropolis-roller-coaster-448pcs.webp, metropolis-roller-coaster-448pcs-2.webp, metropolis-roller-coaster-448pcs-3.webp, metropolis-roller-coaster-448pcs-4.webp, metropolis-roller-coaster-448pcs-5.webp",Yes,No,"2026-01-08 13:36:10"
71,"Metropolis-Star Gate 288pcs","Step into a world of fantasy with the Metropolis Star Gate Building Set, a 288-piece magical set that adds elegance to any cityscape. Includes a graceful arch, a horse-drawn carriage, and two articula...","Step into a world of fantasy with the Metropolis Star Gate Building Set, a 288-piece magical set that adds elegance to any cityscape. Includes a graceful arch, a horse-drawn carriage, and two articulated mini-figures to encourage storytelling, fine motor skills, and imaginative play. Made from durable, non-toxic ABS plastic, and compatible with other Metropolis sets.

Features:

288 high-quality building bricks

Stargate Arch with curved elements and floral detailing

Buildable carriage with a white horse figure

2 articulated mini-figures (ceremonial attendants or guests)

Illustrated full-colour instruction manual

Enhances creativity, imaginative play, and fine motor skills

Made from durable, non-toxic ABS plastic

Suitable for children 6 years and above

Compatible with all major brick brands",M38-B1283,16,,16,No,48,"Building Blocks","City & Buildings",metropolis-star-gate-288pcs.webp,"metropolis-star-gate-288pcs.webp, metropolis-star-gate-288pcs-2.webp, metropolis-star-gate-288pcs-3.webp, metropolis-star-gate-288pcs-4.webp, metropolis-star-gate-288pcs-5.webp",Yes,No,"2026-01-08 13:36:10"
72,"ModelBricks-1/44 J16 AIRCRAFT CARRIER （RU SU-30) 1041pcs","Discover the ModelBricks J16 SU-30 Aircraft Carrier building set, featuring 1041 pieces for a highly detailed military jet model. Measuring 19 inches long and 6.7 inches tall, it includes realistic de...","Discover the ModelBricks J16 SU-30 Aircraft Carrier building set, featuring 1041 pieces for a highly detailed military jet model. Measuring 19 inches long and 6.7 inches tall, it includes realistic details like the cockpit, wings, and engines. Comes with two pilot figures in blue uniforms and a green crocodile figure for added fun. Made from high-quality building blocks, this set combines dynamic play and display value, ideal for aviation and military model enthusiasts.

Features:

1041 high-quality building pieces

J16 SU-30 fighter jet model, 19 inches long × 6.7 inches tall

Two pilot figures in blue uniforms

Green crocodile figure as a fun addition

Realistic details including cockpit, wings, and engines

Moving parts for dynamic play and authentic display

Perfect for aviation and military model fans

Not suitable for children under 7 years due to small parts",M38-B1273,52,,52,No,24,"Building Blocks","Ships & Boats",modelbricks-144-j16-aircraft-carrier-ru-su-30-1041pcs.webp,"modelbricks-144-j16-aircraft-carrier-ru-su-30-1041pcs.webp, modelbricks-144-j16-aircraft-carrier-ru-su-30-1041pcs-2.webp, modelbricks-144-j16-aircraft-carrier-ru-su-30-1041pcs-3.webp, modelbricks-144-j16-aircraft-carrier-ru-su-30-1041pcs-4.webp, modelbricks-144-j16-aircraft-carrier-ru-su-30-1041pcs-5.webp, modelbricks-144-j16-aircraft-carrier-ru-su-30-1041pcs-6.webp",Yes,No,"2026-01-08 13:36:10"
73,"Metropolis-D.C. Crowne Hotel 428pcs","Give kids an engaging building experience with the Metropolis D.C. Crowne Hotel set, featuring 428 pieces to construct a detailed hotel with realistic architectural elements like windows, doors, and h...","Give kids an engaging building experience with the Metropolis D.C. Crowne Hotel set, featuring 428 pieces to construct a detailed hotel with realistic architectural elements like windows, doors, and hotel amenities. Perfect for children aged 6 and up, this set promotes spatial awareness, problem-solving, and creativity.

Features:

428 high-quality building pieces

Detailed hotel design with windows, doors, and amenities

Encourages spatial awareness, problem-solving, and creativity

Suitable for children 6 years and above

Compatible with other Metropolis sets

Designed for both boys and girls

Made from durable, safe ABS plastic",M38-B1267,22,,22,No,48,"Building Blocks","City & Buildings",metropolis-dc-crowne-hotel-428pcs.webp,"metropolis-dc-crowne-hotel-428pcs.webp, metropolis-dc-crowne-hotel-428pcs-2.webp, metropolis-dc-crowne-hotel-428pcs-3.webp, metropolis-dc-crowne-hotel-428pcs-4.webp, metropolis-dc-crowne-hotel-428pcs-5.webp",Yes,No,"2026-01-08 13:36:10"
74,"Metropolis-Slubucks 241pcs","Bring fun and creativity to your Metropolis city with the Slubucks Café Building Set, featuring 241 pieces to build a café with an ice cream cart and innovative mini-figures. Includes 3 figures with r...","Bring fun and creativity to your Metropolis city with the Slubucks Café Building Set, featuring 241 pieces to build a café with an ice cream cart and innovative mini-figures. Includes 3 figures with rotating and moving parts to encourage imaginative play. Made from high-quality, safe ABS plastic, compatible with other building sets from various brands.

Features:

241 high-quality building pieces

Café design with ice cream cart

3 innovative mini-figures with rotating and moving parts

Encourages creativity and imaginative play

Compatible with other building sets

Made from durable, safe ABS plastic

Includes illustrated, easy-to-follow assembly instructions",M38-B1266,14,,14,No,48,"Building Blocks","City & Buildings",metropolis-slubucks-241pcs.webp,"metropolis-slubucks-241pcs.webp, metropolis-slubucks-241pcs-2.webp, metropolis-slubucks-241pcs-3.webp, metropolis-slubucks-241pcs-4.webp, metropolis-slubucks-241pcs-5.webp",Yes,No,"2026-01-08 13:36:10"
75,"Metropolis-Central Train Station 592pcs","Enjoy a detailed building experience with the Metropolis Central Train Station set, featuring 592 pieces and 7 innovative mini-figures with rotating and moving parts. Encourages creativity, imaginativ...","Enjoy a detailed building experience with the Metropolis Central Train Station set, featuring 592 pieces and 7 innovative mini-figures with rotating and moving parts. Encourages creativity, imaginative play, and building skills. Compatible with other building sets from various brands, made from high-quality, safe ABS plastic, and includes a colorful, easy-to-follow assembly manual.

Features:

592 high-quality building pieces

7 innovative mini-figures with rotating and moving parts

Realistic central train station design

Encourages creativity, imaginative play, and building skills

Compatible with other building sets from different brands

Made from durable, safe ABS plastic

Suitable for children 7 years and above

Includes illustrated, easy-to-follow assembly instructions",M38-B1263,39,,39,No,48,"Building Blocks","City & Buildings",metropolis-central-train-station-592pcs.webp,"metropolis-central-train-station-592pcs.webp, metropolis-central-train-station-592pcs-2.webp, metropolis-central-train-station-592pcs-3.webp, metropolis-central-train-station-592pcs-4.webp, metropolis-central-train-station-592pcs-5.webp",Yes,No,"2026-01-08 13:36:10"
76,"Metropolis-New Energy Vehicle 4S Store 371pcs","Give kids a fun building experience with the Metropolis Energy Vehicle 4S Store set, featuring 371 pieces to construct a detailed store with an energy vehicle theme. Encourages creativity, imaginative...","Give kids a fun building experience with the Metropolis Energy Vehicle 4S Store set, featuring 371 pieces to construct a detailed store with an energy vehicle theme. Encourages creativity, imaginative play, and building skills. Made from high-quality, safe ABS plastic, suitable for boys and girls aged 6 years and above.

Features:

371 high-quality building pieces

4S store design with energy vehicle

Encourages creativity, imaginative play, and building skills

Suitable for children 6 years and above

Compatible with other Metropolis sets

Made from durable, safe ABS plastic

Designed for both boys and girls",M38-B1262,22,,22,No,48,"Building Blocks","City & Buildings",metropolis-new-energy-vehicle-4s-store-371pcs.webp,"metropolis-new-energy-vehicle-4s-store-371pcs.webp, metropolis-new-energy-vehicle-4s-store-371pcs-2.webp, metropolis-new-energy-vehicle-4s-store-371pcs-3.webp, metropolis-new-energy-vehicle-4s-store-371pcs-4.webp",Yes,No,"2026-01-08 13:36:10"
77,"Metropolis-New Energy Bus 239pcs","Enjoy educational building fun with the Metropolis New Energy Bus set, featuring 239 pieces to construct a detailed electric bus. Encourages creativity, imaginative play, and building skills. Suitable...","Enjoy educational building fun with the Metropolis New Energy Bus set, featuring 239 pieces to construct a detailed electric bus. Encourages creativity, imaginative play, and building skills. Suitable for boys and girls aged 6 to 14, perfect for fans of construction sets.

Features:

239 high-quality building pieces

Detailed electric bus design

Encourages creativity, imaginative play, and building skills

Suitable for children 6 to 14 years old

Compatible with other Metropolis sets

Made from durable, safe ABS plastic

Designed for both boys and girls",M38-B1261,14,,14,No,48,"Building Blocks",Vehicles,metropolis-new-energy-bus-239pcs.webp,"metropolis-new-energy-bus-239pcs.webp, metropolis-new-energy-bus-239pcs-2.webp, metropolis-new-energy-bus-239pcs-3.webp, metropolis-new-energy-bus-239pcs-4.webp, metropolis-new-energy-bus-239pcs-5.webp",Yes,No,"2026-01-08 13:36:10"
78,"ARMY-OEF-Stryker ADS 310pcs","Discover tactical building fun with the Sluban OEF Stryker ADS set, featuring 310 pieces to construct a detailed military vehicle. Enhances fine motor skills, strategic thinking, and imaginative play....","Discover tactical building fun with the Sluban OEF Stryker ADS set, featuring 310 pieces to construct a detailed military vehicle. Enhances fine motor skills, strategic thinking, and imaginative play. Made from durable, safe ABS plastic, and comes with an easy-to-follow instruction manual.

⚠️ Safety Warning: Contains small pieces. Not suitable for children under 3 years. Adult supervision recommended.

Features:

310 high-quality building pieces

Stryker ADS military vehicle design

Enhances fine motor skills and strategic thinking

Encourages imaginative play

Made from durable, safe ABS plastic

Suitable for children 3 years and above

Includes clear and easy-to-follow assembly instructions",M38-B1258,17,,17,No,48,"Building Blocks",Military,army-oef-stryker-ads-310pcs.webp,"army-oef-stryker-ads-310pcs.webp, army-oef-stryker-ads-310pcs-2.webp, army-oef-stryker-ads-310pcs-3.webp, army-oef-stryker-ads-310pcs-4.webp, army-oef-stryker-ads-310pcs-5.webp",Yes,No,"2026-01-08 13:36:10"
79,"ARMY-OEF-M1XS Main Battle Tank 314pcs","Get ready for an exciting and tactical experience with the ARMY-OEF-M1XS Main Battle Tank! This set includes 314 buildable pieces, allowing you to assemble your very own tank with detailed realism. Th...","Get ready for an exciting and tactical experience with the ARMY-OEF-M1XS Main Battle Tank! This set includes 314 buildable pieces, allowing you to assemble your very own tank with detailed realism. The game is designed with durable and safe components, perfect for both kids and tactical game enthusiasts.

Unleash your creativity, learn basic engineering assembly skills, and enjoy hours of fun with this entertaining and educational toy.

Features:

314 buildable pieces

Realistic and dynamic design

Enhances assembly and strategic thinking skills

Suitable for all ages",M38-B1256,17,,17,No,48,"Building Blocks",Military,army-oef-m1xs-main-battle-tank-314pcs.webp,"army-oef-m1xs-main-battle-tank-314pcs.webp, army-oef-m1xs-main-battle-tank-314pcs-2.webp, army-oef-m1xs-main-battle-tank-314pcs-3.webp, army-oef-m1xs-main-battle-tank-314pcs-4.webp, army-oef-m1xs-main-battle-tank-314pcs-5.webp, army-oef-m1xs-main-battle-tank-314pcs-6.webp",Yes,No,"2026-01-08 13:36:10"
80,"PLEYERID-Music Box-LOVE CONFESSION        
","Enjoy building and creating your own world with the Sluban M38-P8015! This set includes high-quality pieces that allow children to develop assembly skills and creative thinking. The design encourages...","Enjoy building and creating your own world with the Sluban M38-P8015! This set includes high-quality pieces that allow children to develop assembly skills and creative thinking. The design encourages imagination and basic engineering skills, providing hours of fun and educational play.

Features:

High-quality, safe pieces

Enhances assembly and creative thinking skills

Fun and attractive design

Suitable for children of various ages",M38-P8015,31,,31,No,36,"Building Blocks","Flowers & Plants",pleyerid-music-box-love-confession.webp,"pleyerid-music-box-love-confession.webp, pleyerid-music-box-love-confession-2.webp",Yes,No,"2026-01-08 13:36:10"
81,"PLEYERID-Peacock(with Lighting)","Add a touch of charm and beauty to your room with the PLEYERID Peacock with Lighting! This product features a stunning design that combines the elegance of a peacock with special lighting, creating a...","Add a touch of charm and beauty to your room with the PLEYERID Peacock with Lighting! This product features a stunning design that combines the elegance of a peacock with special lighting, creating a romantic and beautiful ambiance wherever it is placed.

Features:

Attractive and realistic peacock design

Equipped with special lighting to create a magical atmosphere

Perfect for decoration or as a unique gift

High-quality and safe to use",M38-P8161,34,,34,No,36,"Building Blocks","Animals & Creatures",pleyerid-peacockwith-lighting.webp,"pleyerid-peacockwith-lighting.webp, pleyerid-peacockwith-lighting-2.webp, pleyerid-peacockwith-lighting-3.webp, pleyerid-peacockwith-lighting-4.webp, pleyerid-peacockwith-lighting-5.webp, pleyerid-peacockwith-lighting-6.webp, pleyerid-peacockwith-lighting-7.webp",Yes,No,"2026-01-08 13:36:10"
82,"PLEYERID-Swans(with Lighting) 932pcs","Enjoy building this stunning PLEYERID set consisting of 932 pieces. The design features intricate details that capture the elegance of swans and comes with a lighting system that adds a magical touch...","Enjoy building this stunning PLEYERID set consisting of 932 pieces. The design features intricate details that capture the elegance of swans and comes with a lighting system that adds a magical touch when illuminated. Perfect for building enthusiasts and as a decorative piece, it brings a unique artistic flair to any space.",M38-P8160,34,,34,No,36,"Building Blocks","Animals & Creatures",pleyerid-swanswith-lighting-932pcs.webp,"pleyerid-swanswith-lighting-932pcs.webp, pleyerid-swanswith-lighting-932pcs-2.webp, pleyerid-swanswith-lighting-932pcs-3.webp",Yes,No,"2026-01-08 13:36:10"
83,"PLEYERID-roses 313pcs","Enjoy building this exquisite PLEYERID set consisting of 313 pieces. The design features detailed craftsmanship that captures the natural beauty of roses. It’s perfect for building enthusiasts, artist...","Enjoy building this exquisite PLEYERID set consisting of 313 pieces. The design features detailed craftsmanship that captures the natural beauty of roses. It’s perfect for building enthusiasts, artistic decoration, or as a stylish gift that adds a touch of color and elegance to any space.",M38-P8070,15,,15,No,72,"Building Blocks","Flowers & Plants",pleyerid-roses-313pcs.webp,"pleyerid-roses-313pcs.webp, pleyerid-roses-313pcs-2.webp, pleyerid-roses-313pcs-3.webp",Yes,No,"2026-01-08 13:36:10"
84,"PLEYERID-Red roses（Plated vases）313pcs","Enjoy building this stunning PLEYERID set consisting of 313 pieces. The design features intricate details that capture the natural beauty of red roses and comes with an elegant plated vase that adds a...","Enjoy building this stunning PLEYERID set consisting of 313 pieces. The design features intricate details that capture the natural beauty of red roses and comes with an elegant plated vase that adds an artistic and aesthetic touch to any space. Perfect for building enthusiasts, art lovers, or as a unique gift.",M38-P8061,15,,15,No,72,"Building Blocks","Flowers & Plants",pleyerid-red-rosesplated-vases313pcs.webp,"pleyerid-red-rosesplated-vases313pcs.webp, pleyerid-red-rosesplated-vases313pcs-2.webp",Yes,No,"2026-01-08 13:36:10"
85,"PLEYERID-Hand-cranked merry-go-round  3 types (6 boxes in 1 display box)","Enjoy a delightful building experience with the PLEYERID Hand-Cranked Merry-Go-Round. The set features three different designs and operates with a manual hand-crank, adding a charming classic touch. O...","Enjoy a delightful building experience with the PLEYERID Hand-Cranked Merry-Go-Round. The set features three different designs and operates with a manual hand-crank, adding a charming classic touch. One display box includes 6 individual boxes, making it ideal for retail display or as a unique gift option. A creative design that combines motion, craftsmanship, and visual enjoyment.",M38-P8027,8,,8,No,27,"Building Blocks","Flowers & Plants",pleyerid-hand-cranked-merry-go-round-3-types-6-boxes-in-1-display-box.webp,"pleyerid-hand-cranked-merry-go-round-3-types-6-boxes-in-1-display-box.webp, pleyerid-hand-cranked-merry-go-round-3-types-6-boxes-in-1-display-box-2.webp, pleyerid-hand-cranked-merry-go-round-3-types-6-boxes-in-1-display-box-3.webp",Yes,No,"2026-01-08 13:36:10"
86,"PLEYERID-X-MIU-CAT 01        
","PLEYERID X MIU CAT 01 is a special edition piece that combines modern design with a bold, distinctive character.
Carefully crafted to balance simplicity and uniqueness, it features refined details tha...","PLEYERID X MIU CAT 01 is a special edition piece that combines modern design with a bold, distinctive character.
Carefully crafted to balance simplicity and uniqueness, it features refined details that reflect a contemporary and confident identity.

This piece is perfect for everyday wear or standout looks, offering a strong presence and a modern sense of style.
An ideal choice for those who appreciate individuality and thoughtful design.",M38-P8018,34,,34,No,18,"Building Blocks","Animals & Creatures",pleyerid-x-miu-cat-01.webp,"pleyerid-x-miu-cat-01.webp, pleyerid-x-miu-cat-01-2.webp",Yes,No,"2026-01-08 13:36:10"
87,"ModelBricks-1/350 USS MISSOURI S 1739pcs","The ModelBricks USS Missouri is a detailed building model of the legendary USS Missouri battleship, designed at a 1/350 scale and consisting of 1739 pieces.

This model offers an engaging and precise...","The ModelBricks USS Missouri is a detailed building model of the legendary USS Missouri battleship, designed at a 1/350 scale and consisting of 1739 pieces.

This model offers an engaging and precise building experience, featuring realistic details inspired by the original warship. It is ideal for model builders, naval history enthusiasts, and collectors.

Once completed, it makes an impressive display piece and is a great choice for enhancing focus, patience, and creativity.",M38-B1291,65,,65,No,0,"Building Blocks","Ships & Boats",modelbricks-1350-uss-missouri-s-1739pcs.webp,"modelbricks-1350-uss-missouri-s-1739pcs.webp, modelbricks-1350-uss-missouri-s-1739pcs-2.webp",Yes,No,"2026-01-08 13:36:10"
88,"PLEYERID-Music Box-SONATA OF LOVE","
is a harmonious expression of emotion and elegance. Inspired by the timeless beauty of music, this piece transforms sound into feeling, creating a romantic experience that speaks directly to the hear...","
is a harmonious expression of emotion and elegance. Inspired by the timeless beauty of music, this piece transforms sound into feeling, creating a romantic experience that speaks directly to the heart.
“Sonata of Love” represents a melody where passion, memories, and warmth come together, making it more than just a music box—it is a symbol of love, connection, and unforgettable moments.",M38-P8013,31,80,31,Yes,36,"Building Blocks","Flowers & Plants",pleyerid-music-box-sonata-of-love.webp,"pleyerid-music-box-sonata-of-love.webp, pleyerid-music-box-sonata-of-love-2.webp",Yes,No,"2026-01-08 13:36:11"
89,"POWER BRICKS-Formula car(Pull back) 210pcs","POWER BRICKS – Formula Car (Pull Back) – 210 PCS
is an exciting building set designed for speed lovers and creative minds. With 210 precision-fit pieces, this Formula-style car allows builders to asse...","POWER BRICKS – Formula Car (Pull Back) – 210 PCS
is an exciting building set designed for speed lovers and creative minds. With 210 precision-fit pieces, this Formula-style car allows builders to assemble a sleek racing vehicle equipped with a pull-back motor for dynamic movement.
The set encourages creativity, problem-solving, and hands-on play while delivering a thrilling racing experience. Perfect for young builders who enjoy construction, motion, and high-performance design.",M38-B1335,12,,12,No,72,"Building Blocks",Vehicles,power-bricks-formula-carpull-back-210pcs.webp,"power-bricks-formula-carpull-back-210pcs.webp, power-bricks-formula-carpull-back-210pcs-2.webp",Yes,No,"2026-01-08 13:36:11"
90,"POWER BRICKS-Vintage car(Pull back) 238pcs","POWER BRICKS – Vintage Car (Pull Back) – 238 PCS
brings classic automotive charm to life through an engaging building experience. Featuring 238 precisely designed pieces, this vintage-style car combin...","POWER BRICKS – Vintage Car (Pull Back) – 238 PCS
brings classic automotive charm to life through an engaging building experience. Featuring 238 precisely designed pieces, this vintage-style car combines timeless design with a pull-back motor for smooth and exciting movement.
The set encourages creativity, patience, and hands-on learning, making it an ideal choice for young builders and collectors who appreciate classic cars and interactive play.",M38-B1332,12,,12,No,72,"Building Blocks",Vehicles,power-bricks-vintage-carpull-back-238pcs.webp,power-bricks-vintage-carpull-back-238pcs.webp,Yes,No,"2026-01-08 13:36:11"
91,"ModelBricks-1/35 FOKKER DR-1S 281pcs","Experience precise and historical building with the MB WW1 Fokker DR-1S model kit, featuring 281 pieces to assemble a 1:35 scale replica of the iconic triplane flown by Manfred von Richthofen, the ""Re...","Experience precise and historical building with the MB WW1 Fokker DR-1S model kit, featuring 281 pieces to assemble a 1:35 scale replica of the iconic triplane flown by Manfred von Richthofen, the ""Red Baron."" Perfect for history enthusiasts and model collectors, enhancing assembly skills and attention to detail.

Features:

281 precision building pieces

Authentic WW1 Fokker DR-1S scale model

Ideal for history buffs and model enthusiasts

Enhances assembly skills and fine motor precision

Made from multi-coloured plastic

Scale: 1:35

Packaging dimensions: 300 × 190 × 68 mm






",M38-B1292,14,,14,No,72,"Building Blocks","City & Buildings",modelbricks-135-fokker-dr-1s-281pcs.webp,"modelbricks-135-fokker-dr-1s-281pcs.webp, modelbricks-135-fokker-dr-1s-281pcs-2.webp, modelbricks-135-fokker-dr-1s-281pcs-3.webp, modelbricks-135-fokker-dr-1s-281pcs-4.webp, modelbricks-135-fokker-dr-1s-281pcs-5.webp, modelbricks-135-fokker-dr-1s-281pcs-6.webp",Yes,No,"2026-01-08 13:36:11"
92,"PLEYERID-Blue Rose 238PCS","Give kids a fun and creative building experience with the Sluban Blue Rose set, featuring 238 pieces from the Pleyerid series. Children can design beautiful flowers and create imaginative structures,...","Give kids a fun and creative building experience with the Sluban Blue Rose set, featuring 238 pieces from the Pleyerid series. Children can design beautiful flowers and create imaginative structures, enhancing creativity, imagination, and fine motor skills. Suitable for boys and girls aged 10 and above.

Features:

238 high-quality building pieces

Attractive blue rose design

Enhances creativity, imagination, and fine motor skills

Part of the Pleyerid series

Made from safe ABS plastic, compatible with other Sluban sets

Suitable for children 10 years and above

Box dimensions: 22.3 × 9 × 9 cm",M38-B1101-11,10,,10,No,96,"Building Blocks","Flowers & Plants",pleyerid-blue-rose-238pcs.webp,"pleyerid-blue-rose-238pcs.webp, pleyerid-blue-rose-238pcs-2.webp, pleyerid-blue-rose-238pcs-3.webp, pleyerid-blue-rose-238pcs-4.webp",Yes,No,"2026-01-08 13:36:11"
93,"ModelBricks- Fishing-boat 610pcs","Enjoy an innovative building experience with the Sluban Fishing Boat set, featuring 610 pieces from the Model Bricks series. Children can construct a detailed fishing boat with fun and creative elemen...","Enjoy an innovative building experience with the Sluban Fishing Boat set, featuring 610 pieces from the Model Bricks series. Children can construct a detailed fishing boat with fun and creative elements. Purchasing this set also supports Kids with Cancer Australia, helping children with cancer.

Features:

610 high-quality building pieces

Detailed fishing boat design

Enhances creativity, imagination, and building skills

Part of the Model Bricks series

Made from safe ABS plastic, compatible with other Sluban sets

Supports children with cancer initiatives

Box dimensions: 38 × 28.5 × 6.7 cm",M38-B1119,25,,25,No,36,"Building Blocks","Ships & Boats",modelbricks-fishing-boat-610pcs.webp,"modelbricks-fishing-boat-610pcs.webp, modelbricks-fishing-boat-610pcs-2.webp, modelbricks-fishing-boat-610pcs-3.webp, modelbricks-fishing-boat-610pcs-4.webp",Yes,No,"2026-01-08 13:36:11"
94,"ModelBricks- The Great Shark  592pcs","Enjoy building the Sluban Great Shark Ship, featuring 592 pieces from the City series. An educational and creative toy suitable for children aged 6 and above, enhancing assembly skills, creativity, an...","Enjoy building the Sluban Great Shark Ship, featuring 592 pieces from the City series. An educational and creative toy suitable for children aged 6 and above, enhancing assembly skills, creativity, and logical thinking. Made from safe ABS plastic and comes with clear assembly instructions.

Features:

592 high-quality building pieces

Great Shark Ship design from the City series

Enhances creativity, imagination, and building skills

Suitable for children 6 years and above

Made from safe ABS plastic, compatible with other Sluban sets

Clear and easy-to-follow assembly instructions

⚠️ Warning: Not suitable for consumption",M38-B1118,25,,25,No,36,"Building Blocks","Ships & Boats",modelbricks-the-great-shark-592pcs.webp,"modelbricks-the-great-shark-592pcs.webp, modelbricks-the-great-shark-592pcs-2.webp, modelbricks-the-great-shark-592pcs-3.webp, modelbricks-the-great-shark-592pcs-4.webp",Yes,No,"2026-01-08 13:36:11"
95,"PLEYERID-Mechanical Bulldog","Enjoy an interactive building experience with the Sluban Bulldog Robot, featuring 890 pieces. This educational set is fun for children and adults alike, enhancing creativity, engineering thinking, and...","Enjoy an interactive building experience with the Sluban Bulldog Robot, featuring 890 pieces. This educational set is fun for children and adults alike, enhancing creativity, engineering thinking, and fine motor skills. Suitable for all ages, assembly required, no batteries needed.

Features:

890 high-quality building pieces

Modern and attractive Bulldog Robot design

Enhances creativity, engineering thinking, and assembly skills

Suitable for all ages

Made from safe ABS plastic, compatible with other Sluban sets

Assembly required with clear instructions

Color: Red",M38-B1112A,34,,34,No,18,"Building Blocks","Animals & Creatures",pleyerid-mechanical-bulldog.webp,"pleyerid-mechanical-bulldog.webp, pleyerid-mechanical-bulldog-2.webp, pleyerid-mechanical-bulldog-3.webp, pleyerid-mechanical-bulldog-4.webp",Yes,No,"2026-01-08 13:36:11"
96,"PLEYERID-Peony 198PCS","Discover the beauty of building the Sluban Peony, featuring 198 pieces from the Flowers series. An innovative set that can be combined with similar building kits from other major brands. Made from hig...","Discover the beauty of building the Sluban Peony, featuring 198 pieces from the Flowers series. An innovative set that can be combined with similar building kits from other major brands. Made from high-quality, safe ABS plastic, perfect as a gift or an attractive decorative piece.

Features:

198 high-quality building pieces

Attractive Peony flower design

Suitable as a gift or decorative display

Compatible with building kits from other manufacturers

Made from safe ABS plastic, compatible with other Sluban sets

Comes with clear assembly instructions",M38-B1101-17,10,,10,No,96,"Building Blocks","Flowers & Plants",pleyerid-peony-198pcs.webp,"pleyerid-peony-198pcs.webp, pleyerid-peony-198pcs-2.webp, pleyerid-peony-198pcs-3.webp, pleyerid-peony-198pcs-4.webp",Yes,No,"2026-01-08 13:36:11"
97,"PLEYERID-Daisy 255PCS","Enjoy building the Sluban Multicolor Clamp set, featuring 221 pieces. An innovative set suitable for children aged 3 and above, enhancing motor skills, imaginative play, and creativity. Compatible wit...","Enjoy building the Sluban Multicolor Clamp set, featuring 221 pieces. An innovative set suitable for children aged 3 and above, enhancing motor skills, imaginative play, and creativity. Compatible with most other building sets and comes with clear assembly instructions for an easy and fun experience.

Features:

221 high-quality building pieces

Fun and attractive multicolor design

Enhances motor skills, creativity, and imaginative play

Suitable for children 3 years and above

Compatible with most other building sets

Comes with clear and easy-to-follow assembly instructions

Made from safe ABS plastic meeting quality standards",M38-B1101-16,10,,10,No,96,"Building Blocks","Flowers & Plants",pleyerid-daisy-255pcs.webp,"pleyerid-daisy-255pcs.webp, pleyerid-daisy-255pcs-2.webp, pleyerid-daisy-255pcs-3.webp, pleyerid-daisy-255pcs-4.webp",Yes,No,"2026-01-08 13:36:11"
98,"PLEYERID-Lavender 258PCS","Bring a touch of Provence to your home with the Sluban Artificial Lavender Arrangement. This set includes an elegant white vase and lifelike lavender flowers in vibrant purple with green stems. Perfec...","Bring a touch of Provence to your home with the Sluban Artificial Lavender Arrangement. This set includes an elegant white vase and lifelike lavender flowers in vibrant purple with green stems. Perfect for living rooms, offices, or special occasions, it provides a timeless decorative accent without any maintenance.

Features:

Total height: 16.75"" (42.6 cm), Vase height: 8.5"" (21.6 cm), Vase width: 3.5"" (9 cm)

Vibrant colors: rich purple lavender with lifelike green stems

Made from high-quality artificial flowers with sturdy white plastic vase

Ideal for home, office, or special occasion decor

Permanent beauty with no maintenance required",M38-B1101-14,10,,10,No,96,"Building Blocks","Flowers & Plants",pleyerid-lavender-258pcs.webp,"pleyerid-lavender-258pcs.webp, pleyerid-lavender-258pcs-2.webp, pleyerid-lavender-258pcs-3.webp, pleyerid-lavender-258pcs-4.webp",Yes,No,"2026-01-08 13:36:11"
99,"PLEYERID-Freesia 241PCS","Add a touch of creativity to your child’s room with the Sluban Pleyerid Freesia Flower set, featuring 241 pieces. Encourages imaginative play, fine motor skills, constructive abilities, and visual thi...","Add a touch of creativity to your child’s room with the Sluban Pleyerid Freesia Flower set, featuring 241 pieces. Encourages imaginative play, fine motor skills, constructive abilities, and visual thinking, while being compatible with other popular building sets like Lego. Suitable for children aged 10 and above.

Features:

241 high-quality building pieces

Promotes imaginative play and creativity

Enhances fine motor skills and hand-eye coordination

Supports spatial awareness and visual thinking

Compatible with other popular building block sets

Includes easy-to-follow instructions

Suitable for children 10 years and above",M38-B1101-13,10,,10,No,96,"Building Blocks","Flowers & Plants",pleyerid-freesia-241pcs.webp,"pleyerid-freesia-241pcs.webp, pleyerid-freesia-241pcs-2.webp, pleyerid-freesia-241pcs-3.webp, pleyerid-freesia-241pcs-4.webp, pleyerid-freesia-241pcs-5.webp, pleyerid-freesia-241pcs-6.webp",Yes,No,"2026-01-08 13:36:11"
100,"ModelBricks- TITANIC 1/350(2370PCS)","Experience the grandeur of classic ships with the 2401-piece Big Shape Ship building set. Includes 2 major minifigures and recreates the luxury ship design with intricate details such as decks, funnel...","Experience the grandeur of classic ships with the 2401-piece Big Shape Ship building set. Includes 2 major minifigures and recreates the luxury ship design with intricate details such as decks, funnels, and elegant bases. Parts can be disassembled and reassembled to explore interior scenes, perfect for both children and adults, as well as collectors and history enthusiasts.

Features:

2401 high-quality building pieces

Includes 2 major minifigures

Intricate design replicating a classic ship

Hull can be disassembled and reassembled for interior details

Compatible with Lego sets

Suitable for children 6+ years and adults

Ideal gift for birthdays, Christmas, and special occasions

Full-color, easy-to-follow instruction manual",M38-B1122,108,,108,No,9,"Building Blocks","Ships & Boats",modelbricks-titanic-13502370pcs.webp,"modelbricks-titanic-13502370pcs.webp, modelbricks-titanic-13502370pcs-2.webp, modelbricks-titanic-13502370pcs-3.webp, modelbricks-titanic-13502370pcs-4.webp, modelbricks-titanic-13502370pcs-5.webp, modelbricks-titanic-13502370pcs-6.webp",Yes,No,"2026-01-08 13:36:11"
101,"PLEYERID-lilies of the valley 253PCS","Bring a creative touch of nature into your home with the Lily of the Valley Building Block Flower Set. Featuring delicate white petals, realistic green stems, and an elegant white vase, this set makes...","Bring a creative touch of nature into your home with the Lily of the Valley Building Block Flower Set. Featuring delicate white petals, realistic green stems, and an elegant white vase, this set makes a striking decorative piece. It also provides an educational and entertaining building experience for children, enhancing spatial awareness and fine motor skills.

Features:

Stands 42 cm tall when assembled

Includes a sleek white vase for versatile display

Delicate white petals with realistic green stems

Educational: Develops spatial awareness and fine motor skills

Clear and detailed building instructions

Suitable for children 3+ years with adult supervision",M38-B1101-09,10,,10,No,96,"Building Blocks","Flowers & Plants",pleyerid-lilies-of-the-valley-253pcs.webp,"pleyerid-lilies-of-the-valley-253pcs.webp, pleyerid-lilies-of-the-valley-253pcs-2.webp, pleyerid-lilies-of-the-valley-253pcs-3.webp",Yes,No,"2026-01-08 13:36:11"
102,"PLEYERID-Tibouchina urvilleana 251PCS","Unleash creativity with the Tibouchina Urvilleana building set from the Sluban Pleyerid Flowers range. This 251-piece set encourages fine motor skills, visual thinking, and constructive abilities, pro...","Unleash creativity with the Tibouchina Urvilleana building set from the Sluban Pleyerid Flowers range. This 251-piece set encourages fine motor skills, visual thinking, and constructive abilities, providing endless creative play possibilities. Compatible with most major building block brands, it’s perfect for young builders seeking imaginative fun.

Features:

251 high-quality building pieces

Educational: Develops fine motor skills and spatial awareness

Enhances constructive and visual thinking skills

Compatible with most popular building sets, including LEGO

Clear assembly instructions included

Recommended age: 10+ years

Item size: 9.6 × 9.6 × 22 cm / Assembled size: 9.6 × 9.6 × 37 cm with vase",M38-B1101-08,10,,10,No,96,"Building Blocks","Flowers & Plants",pleyerid-tibouchina-urvilleana-251pcs.webp,"pleyerid-tibouchina-urvilleana-251pcs.webp, pleyerid-tibouchina-urvilleana-251pcs-2.webp, pleyerid-tibouchina-urvilleana-251pcs-3.webp, pleyerid-tibouchina-urvilleana-251pcs-4.webp",Yes,No,"2026-01-08 13:36:11"
103,"PLEYERID-Lotus 258PCS","Enjoy fun and educational building with the Lotus set from Sluban Pleyerid Flowers, featuring 258 pieces. This set encourages fine motor skills, spatial awareness, and creative building, while being c...","Enjoy fun and educational building with the Lotus set from Sluban Pleyerid Flowers, featuring 258 pieces. This set encourages fine motor skills, spatial awareness, and creative building, while being compatible with other major building block sets for endless imaginative play.

Features:

258 high-quality building pieces

Educational: Enhances fine motor skills and spatial awareness

Develops constructive and creative abilities

Compatible with most popular building sets, including LEGO

Clear assembly instructions included

Recommended age: 10+ years

Item size: 9.6 × 9.6 × 22 cm / Assembled size: 9.6 × 9.6 × 37 cm with vase",M38-B1101-06,10,19,10,Yes,96,"Building Blocks","Flowers & Plants",pleyerid-lotus-258pcs.webp,"pleyerid-lotus-258pcs.webp, pleyerid-lotus-258pcs-2.webp, pleyerid-lotus-258pcs-3.webp, pleyerid-lotus-258pcs-4.webp",Yes,No,"2026-01-08 13:36:11"
104,"PLEYERID-Red Rose 258PCS","Enjoy fun and educational building with the Red Rose set from Sluban Pleyerid Flowers, featuring 254 pieces. This set encourages fine motor skills, spatial awareness, and creative building, while bein...","Enjoy fun and educational building with the Red Rose set from Sluban Pleyerid Flowers, featuring 254 pieces. This set encourages fine motor skills, spatial awareness, and creative building, while being compatible with other major building block sets for endless imaginative play.

Features:

254 high-quality building pieces

Educational: Enhances fine motor skills and spatial awareness

Develops constructive and creative abilities

Compatible with most popular building sets, including LEGO

Clear assembly instructions included

Recommended age: 10+ years

Item size: 22.3 × 9 × 9 cm",M38-B1101-04,10,,10,No,96,"Building Blocks","Flowers & Plants",pleyerid-red-rose-258pcs.webp,"pleyerid-red-rose-258pcs.webp, pleyerid-red-rose-258pcs-2.webp, pleyerid-red-rose-258pcs-3.webp, pleyerid-red-rose-258pcs-4.webp",Yes,No,"2026-01-08 13:36:11"
105,"PLEYERID-Protea Cynaroides 219PCS","PLEYERID – Protea Cynaroides – 219 PCS
is a detailed building model inspired by the stunning Protea Cynaroides, also known as the King Protea. With 219 precision pieces, this set allows builders to re...","PLEYERID – Protea Cynaroides – 219 PCS
is a detailed building model inspired by the stunning Protea Cynaroides, also known as the King Protea. With 219 precision pieces, this set allows builders to recreate the intricate beauty and unique structure of this iconic flower.
The model offers a relaxing and creative building experience, ideal for nature lovers, flower enthusiasts, and hobbyists who enjoy assembling detailed botanical models.",M38-B1101-03,10,,10,No,96,"Building Blocks","Flowers & Plants",pleyerid-protea-cynaroides-219pcs.webp,"pleyerid-protea-cynaroides-219pcs.webp, pleyerid-protea-cynaroides-219pcs-2.webp, pleyerid-protea-cynaroides-219pcs-3.webp, pleyerid-protea-cynaroides-219pcs-4.webp, pleyerid-protea-cynaroides-219pcs-5.webp, pleyerid-protea-cynaroides-219pcs-6.webp",Yes,No,"2026-01-08 13:36:11"
106,"ModelBricks- Racing Car 283PCS","ModelBricks – Racing Car – 283 PCS
is an engaging construction model designed for fans of high-speed racing. With 283 precision-crafted pieces, this set allows builders to assemble a sleek racing car...","ModelBricks – Racing Car – 283 PCS
is an engaging construction model designed for fans of high-speed racing. With 283 precision-crafted pieces, this set allows builders to assemble a sleek racing car with realistic proportions and sporty design details.
The model provides a fun and rewarding building experience, enhancing creativity, attention to detail, and appreciation for automotive design, making it ideal for young builders and collectors alike.",M38-B0956,12,,12,No,72,"Building Blocks",Vehicles,modelbricks-racing-car-283pcs.webp,"modelbricks-racing-car-283pcs.webp, modelbricks-racing-car-283pcs-2.webp, modelbricks-racing-car-283pcs-3.webp",Yes,No,"2026-01-08 13:36:11"
107,"ModelBricks- Racing Car 262PCS","ModelBricks – Racing Car – 262 PCS
is a dynamic building model inspired by high-performance racing cars. With 262 precision-crafted pieces, this set allows builders to assemble a sleek racing vehicle...","ModelBricks – Racing Car – 262 PCS
is a dynamic building model inspired by high-performance racing cars. With 262 precision-crafted pieces, this set allows builders to assemble a sleek racing vehicle featuring sporty proportions and realistic design details.
The model delivers an exciting and rewarding building experience, encouraging creativity and an appreciation for speed-focused engineering, making it ideal for racing fans and model enthusiasts.",M38-B0955,12,,12,No,72,"Building Blocks",Vehicles,modelbricks-racing-car-262pcs.webp,"modelbricks-racing-car-262pcs.webp, modelbricks-racing-car-262pcs-2.webp",Yes,No,"2026-01-08 13:36:11"
108,"sluban ModelBricks USS Constitution 1X-21 Frigate 1:170","A detailed building set from sluban ModelBricks that recreates the legendary USS Constitution warship. Designed with fine details and classic styling, this set offers an enjoyable building experience...","A detailed building set from sluban ModelBricks that recreates the legendary USS Constitution warship. Designed with fine details and classic styling, this set offers an enjoyable building experience and makes an impressive display piece for ship and model enthusiasts.",M38-B0836,42,,42,No,24,"Building Blocks","Ships & Boats",sluban-modelbricks-uss-constitution-1x-21-frigate-1170.webp,"sluban-modelbricks-uss-constitution-1x-21-frigate-1170.webp, sluban-modelbricks-uss-constitution-1x-21-frigate-1170-2.webp, sluban-modelbricks-uss-constitution-1x-21-frigate-1170-3.webp, sluban-modelbricks-uss-constitution-1x-21-frigate-1170-4.webp, sluban-modelbricks-uss-constitution-1x-21-frigate-1170-5.webp",Yes,No,"2026-01-08 13:36:11"
109,"sluban Army Joint Assault – 744 Pieces Building Set","An action-packed military building set from sluban Army featuring 744 pieces to create an exciting joint assault scene. Perfect for building enthusiasts and military fans, offering a fun and engaging...","An action-packed military building set from sluban Army featuring 744 pieces to create an exciting joint assault scene. Perfect for building enthusiasts and military fans, offering a fun and engaging construction experience with a bold, detailed design",M38-B1254,34,,34,No,32,"Building Blocks",Military,sluban-army-joint-assault-744-pieces-building-set.webp,"sluban-army-joint-assault-744-pieces-building-set.webp, sluban-army-joint-assault-744-pieces-building-set-2.webp, sluban-army-joint-assault-744-pieces-building-set-3.webp, sluban-army-joint-assault-744-pieces-building-set-4.webp, sluban-army-joint-assault-744-pieces-building-set-5.webp",Yes,No,"2026-01-08 13:36:11"
110,"sluban Metropolis Police – Invasion Command Vehicle (Pull Back)","A dynamic command vehicle from sluban Metropolis Police, featuring a modern design and pull-back action for extra play excitement. Perfect for kids and police vehicle fans, combining motion, eye-catch...","A dynamic command vehicle from sluban Metropolis Police, featuring a modern design and pull-back action for extra play excitement. Perfect for kids and police vehicle fans, combining motion, eye-catching details, and easy play",M38-B1219,22,,22,No,36,"Building Blocks","City & Buildings",sluban-metropolis-police-invasion-command-vehicle-pull-back.webp,"sluban-metropolis-police-invasion-command-vehicle-pull-back.webp, sluban-metropolis-police-invasion-command-vehicle-pull-back-2.webp, sluban-metropolis-police-invasion-command-vehicle-pull-back-3.webp, sluban-metropolis-police-invasion-command-vehicle-pull-back-4.webp",Yes,No,"2026-01-08 13:36:11"
111,"sluban Army T14S Armata Tank – 319 Pieces Building Set","A military building set from sluban Army that lets you build the powerful T14S Armata Tank with detailed design and solid construction. Featuring 319 pieces, this set offers an enjoyable building expe...","A military building set from sluban Army that lets you build the powerful T14S Armata Tank with detailed design and solid construction. Featuring 319 pieces, this set offers an enjoyable building experience and is ideal for military vehicle fans and display.",M38-B1253,16,,16,No,48,"Building Blocks",Military,sluban-army-t14s-armata-tank-319-pieces-building-set.webp,"sluban-army-t14s-armata-tank-319-pieces-building-set.webp, sluban-army-t14s-armata-tank-319-pieces-building-set-2.webp, sluban-army-t14s-armata-tank-319-pieces-building-set-3.webp, sluban-army-t14s-armata-tank-319-pieces-building-set-4.webp, sluban-army-t14s-armata-tank-319-pieces-building-set-5.webp",Yes,No,"2026-01-08 13:36:11"
112,"sluban ModelBricks Pantsir-S1S Self-Propelled ADS – 659 Pieces","A detailed building set from sluban ModelBricks that allows you to build the Pantsir-S1S self-propelled air defense system with strong design and fine details. Featuring 659 pieces, it offers an engag...","A detailed building set from sluban ModelBricks that allows you to build the Pantsir-S1S self-propelled air defense system with strong design and fine details. Featuring 659 pieces, it offers an engaging building experience for military model enthusiasts",M38-B1252,25,,25,No,36,"Building Blocks",Military,sluban-modelbricks-pantsir-s1s-self-propelled-ads-659-pieces.webp,"sluban-modelbricks-pantsir-s1s-self-propelled-ads-659-pieces.webp, sluban-modelbricks-pantsir-s1s-self-propelled-ads-659-pieces-2.webp, sluban-modelbricks-pantsir-s1s-self-propelled-ads-659-pieces-3.webp, sluban-modelbricks-pantsir-s1s-self-propelled-ads-659-pieces-4.webp, sluban-modelbricks-pantsir-s1s-self-propelled-ads-659-pieces-5.webp",Yes,No,"2026-01-08 13:36:11"
113,"sluban ModelBricks BTR80AS Infantry Fighting Vehicle 2 in 1 – 611 Pieces","A versatile building set from sluban ModelBricks that lets you build the BTR80AS infantry fighting vehicle with a 2-in-1 build option. Featuring 611 pieces, it delivers an engaging building experience...","A versatile building set from sluban ModelBricks that lets you build the BTR80AS infantry fighting vehicle with a 2-in-1 build option. Featuring 611 pieces, it delivers an engaging building experience with realistic design and detailed construction, ideal for military model enthusiasts",M38-B1251,24,,24,No,48,"Building Blocks",Military,sluban-modelbricks-btr80as-infantry-fighting-vehicle-2-in-1-611-pieces.webp,"sluban-modelbricks-btr80as-infantry-fighting-vehicle-2-in-1-611-pieces.webp, sluban-modelbricks-btr80as-infantry-fighting-vehicle-2-in-1-611-pieces-2.webp, sluban-modelbricks-btr80as-infantry-fighting-vehicle-2-in-1-611-pieces-3.webp, sluban-modelbricks-btr80as-infantry-fighting-vehicle-2-in-1-611-pieces-4.webp, sluban-modelbricks-btr80as-infantry-fighting-vehicle-2-in-1-611-pieces-5.webp",Yes,No,"2026-01-08 13:36:11"
114,"sluban ModelBricks BMD-2S Airborne Armored Vehicle 2 in 1 – 516 Pieces","A detailed building set from sluban ModelBricks that allows you to build the BMD-2S airborne armored vehicle with a 2-in-1 build option. Featuring 516 pieces, it offers a fun and varied building exper...","A detailed building set from sluban ModelBricks that allows you to build the BMD-2S airborne armored vehicle with a 2-in-1 build option. Featuring 516 pieces, it offers a fun and varied building experience with realistic details, ideal for military model fans",M38-B1250,18,,18,No,48,"Building Blocks",Military,sluban-modelbricks-bmd-2s-airborne-armored-vehicle-2-in-1-516-pieces.webp,"sluban-modelbricks-bmd-2s-airborne-armored-vehicle-2-in-1-516-pieces.webp, sluban-modelbricks-bmd-2s-airborne-armored-vehicle-2-in-1-516-pieces-2.webp, sluban-modelbricks-bmd-2s-airborne-armored-vehicle-2-in-1-516-pieces-3.webp, sluban-modelbricks-bmd-2s-airborne-armored-vehicle-2-in-1-516-pieces-4.webp, sluban-modelbricks-bmd-2s-airborne-armored-vehicle-2-in-1-516-pieces-5.webp",Yes,No,"2026-01-08 13:36:11"
115,"sluban ModelBricks 1/35 ZTZ-99AS Tank (Metal Coating Version) – 1079 Pieces","A premium building set from sluban ModelBricks to construct the ZTZ-99AS tank with a metal coating for added realism and durability. Featuring 1079 pieces, it delivers an engaging building experience,...","A premium building set from sluban ModelBricks to construct the ZTZ-99AS tank with a metal coating for added realism and durability. Featuring 1079 pieces, it delivers an engaging building experience, perfect for military vehicle and detailed model enthusiasts",M38-B1234,52,,52,No,18,"Building Blocks",Military,sluban-modelbricks-135-ztz-99as-tank-metal-coating-version-1079-pieces.webp,"sluban-modelbricks-135-ztz-99as-tank-metal-coating-version-1079-pieces.webp, sluban-modelbricks-135-ztz-99as-tank-metal-coating-version-1079-pieces-2.webp, sluban-modelbricks-135-ztz-99as-tank-metal-coating-version-1079-pieces-3.webp, sluban-modelbricks-135-ztz-99as-tank-metal-coating-version-1079-pieces-4.webp, sluban-modelbricks-135-ztz-99as-tank-metal-coating-version-1079-pieces-5.webp",Yes,No,"2026-01-08 13:36:11"
116,"sluban ModelBricks 1/35 WZ-10S (Metal Coating Version) – 914 Pieces","An advanced building set from sluban ModelBricks to construct the WZ-10S helicopter with a metal coating for added realism and durability. Featuring 914 pieces, it offers an engaging building experien...","An advanced building set from sluban ModelBricks to construct the WZ-10S helicopter with a metal coating for added realism and durability. Featuring 914 pieces, it offers an engaging building experience for military model enthusiasts and detail lovers.",M38-B1233,52,,52,No,18,"Building Blocks","City & Buildings",sluban-modelbricks-135-wz-10s-metal-coating-version-914-pieces.webp,"sluban-modelbricks-135-wz-10s-metal-coating-version-914-pieces.webp, sluban-modelbricks-135-wz-10s-metal-coating-version-914-pieces-2.webp, sluban-modelbricks-135-wz-10s-metal-coating-version-914-pieces-3.webp, sluban-modelbricks-135-wz-10s-metal-coating-version-914-pieces-4.webp",Yes,No,"2026-01-08 13:36:11"
117,"sluban Metropolis Police – Central Police Station (Pull Back)","A fantastic building set from sluban Metropolis Police to construct the Central Police Station with pull-back action for extra play fun. Ideal for kids and police model fans, combining motion, detaile...","A fantastic building set from sluban Metropolis Police to construct the Central Police Station with pull-back action for extra play fun. Ideal for kids and police model fans, combining motion, detailed design, and easy play",M38-B1220,39,,39,No,40,"Building Blocks","City & Buildings",sluban-metropolis-police-central-police-station-pull-back.webp,"sluban-metropolis-police-central-police-station-pull-back.webp, sluban-metropolis-police-central-police-station-pull-back-2.webp, sluban-metropolis-police-central-police-station-pull-back-3.webp, sluban-metropolis-police-central-police-station-pull-back-4.webp, sluban-metropolis-police-central-police-station-pull-back-5.webp",Yes,No,"2026-01-08 13:36:11"
118,"sluban ModelBricks S1000MS Motorcycle 1/12 – 242 Pieces","A building set from sluban ModelBricks to construct the S1000MS motorcycle at 1/12 scale, featuring 242 pieces. Offers a fun building experience for motorcycle and model enthusiasts, with realistic de...","A building set from sluban ModelBricks to construct the S1000MS motorcycle at 1/12 scale, featuring 242 pieces. Offers a fun building experience for motorcycle and model enthusiasts, with realistic design perfect for display",M38-B1129,11,,11,No,108,"Building Blocks",Vehicles,sluban-modelbricks-s1000ms-motorcycle-112-242-pieces.webp,"sluban-modelbricks-s1000ms-motorcycle-112-242-pieces.webp, sluban-modelbricks-s1000ms-motorcycle-112-242-pieces-2.webp, sluban-modelbricks-s1000ms-motorcycle-112-242-pieces-3.webp, sluban-modelbricks-s1000ms-motorcycle-112-242-pieces-4.webp, sluban-modelbricks-s1000ms-motorcycle-112-242-pieces-5.webp",Yes,No,"2026-01-08 13:36:12"
119,"sluban Metropolis Police – Escort Criminal Yuri (Pull Back)","A fun building set from sluban Metropolis Police to create the Escort Criminal Yuri scene with pull-back action for added motion and excitement. Ideal for kids and police vehicle enthusiasts, combinin...","A fun building set from sluban Metropolis Police to create the Escort Criminal Yuri scene with pull-back action for added motion and excitement. Ideal for kids and police vehicle enthusiasts, combining fun and detailed design.",M38-B1218,15,,15,No,48,"Building Blocks","City & Buildings",sluban-metropolis-police-escort-criminal-yuri-pull-back.webp,"sluban-metropolis-police-escort-criminal-yuri-pull-back.webp, sluban-metropolis-police-escort-criminal-yuri-pull-back-2.webp, sluban-metropolis-police-escort-criminal-yuri-pull-back-3.webp, sluban-metropolis-police-escort-criminal-yuri-pull-back-4.webp, sluban-metropolis-police-escort-criminal-yuri-pull-back-5.webp",Yes,No,"2026-01-08 13:36:12"
120,"sluban Metropolis Doctor – Dream City Hospital (Pull Back)","A fun building set from sluban Metropolis to construct the Dream City Hospital with pull-back action for added play motion. Perfect for kids and enthusiasts of hospital and emergency models, featuring...","A fun building set from sluban Metropolis to construct the Dream City Hospital with pull-back action for added play motion. Perfect for kids and enthusiasts of hospital and emergency models, featuring engaging details and easy play.",M38-B1216,39,,39,No,40,"Building Blocks","City & Buildings",sluban-metropolis-doctor-dream-city-hospital-pull-back.webp,"sluban-metropolis-doctor-dream-city-hospital-pull-back.webp, sluban-metropolis-doctor-dream-city-hospital-pull-back-2.webp, sluban-metropolis-doctor-dream-city-hospital-pull-back-3.webp, sluban-metropolis-doctor-dream-city-hospital-pull-back-4.webp, sluban-metropolis-doctor-dream-city-hospital-pull-back-5.webp, sluban-metropolis-doctor-dream-city-hospital-pull-back-6.webp",Yes,No,"2026-01-08 13:36:12"
121,"sluban Metropolis Doctor – Mobile Nursing Car (Pull Back)","A fun building set from sluban Metropolis to construct the Mobile Nursing Car with pull-back action for added motion and excitement. Perfect for kids and fans of emergency and hospital vehicles, combi...","A fun building set from sluban Metropolis to construct the Mobile Nursing Car with pull-back action for added motion and excitement. Perfect for kids and fans of emergency and hospital vehicles, combining fun and detailed design.",M38-B1215,22,,22,No,36,"Building Blocks","City & Buildings",sluban-metropolis-doctor-mobile-nursing-car-pull-back.webp,"sluban-metropolis-doctor-mobile-nursing-car-pull-back.webp, sluban-metropolis-doctor-mobile-nursing-car-pull-back-2.webp, sluban-metropolis-doctor-mobile-nursing-car-pull-back-3.webp, sluban-metropolis-doctor-mobile-nursing-car-pull-back-4.webp, sluban-metropolis-doctor-mobile-nursing-car-pull-back-5.webp, sluban-metropolis-doctor-mobile-nursing-car-pull-back-6.webp, sluban-metropolis-doctor-mobile-nursing-car-pull-back-7.webp",Yes,No,"2026-01-08 13:36:12"
122,"ModelBricks- 1/35 TS-2 camping 265pcs","ModelBricks – 1/35 TS-2 Camping – 265 PCS
is a compact and detailed building model inspired by outdoor adventure and travel. Featuring 265 precision-crafted pieces, this 1/35 scale camping vehicle rec...","ModelBricks – 1/35 TS-2 Camping – 265 PCS
is a compact and detailed building model inspired by outdoor adventure and travel. Featuring 265 precision-crafted pieces, this 1/35 scale camping vehicle recreates the TS-2 with realistic design elements that capture the spirit of exploration and leisure.
The set provides an enjoyable and creative building experience, perfect for model builders who appreciate lifestyle vehicles and detailed craftsmanship.",M38-B1192,13,,13,No,48,"Building Blocks",Vehicles,modelbricks-135-ts-2-camping-265pcs.webp,"modelbricks-135-ts-2-camping-265pcs.webp, modelbricks-135-ts-2-camping-265pcs-2.webp, modelbricks-135-ts-2-camping-265pcs-3.webp",Yes,No,"2026-01-08 13:36:12"
123,"ModelBricks- R1250 MS Motorcycle 1/12 (200PCS)","ModelBricks – R1250 MS Motorcycle – 1/12 Scale – 200 PCS
is a detailed construction model inspired by modern touring motorcycles. With 200 precision-engineered pieces, this 1/12 scale motorcycle recre...","ModelBricks – R1250 MS Motorcycle – 1/12 Scale – 200 PCS
is a detailed construction model inspired by modern touring motorcycles. With 200 precision-engineered pieces, this 1/12 scale motorcycle recreates the bold design and mechanical character of the R1250 MS.
The model offers a satisfying building experience and showcases realistic proportions and details, making it an excellent choice for motorcycle enthusiasts, model builders, and collectors.",M38-B1132,11,,11,No,108,"Building Blocks",Vehicles,modelbricks-r1250-ms-motorcycle-112-200pcs.webp,"modelbricks-r1250-ms-motorcycle-112-200pcs.webp, modelbricks-r1250-ms-motorcycle-112-200pcs-2.webp",Yes,No,"2026-01-08 13:36:12"
124,"Zip Up Hoodie for Men - Soft Fleece Lined","Premium cotton-polyester blend zip-up hoodie with soft fleece lining. Perfect for daily wear and gym.","Made From a Premium Cotton-Polyester Blend; This soft and breathable men hoodie provides gentle comfort and balanced warmth. Ideal for daily wear, gym workouts, travel, lounging, or casual outdoor use in all seasons without feeling heavy.

Features a Smooth Full-Length Zipper; This durable zip-up hoodie for men offers easy wear without the hassle of pullover styles. Quick front access, reinforced stitching.

Available in multiple colors: Black, White, Red, and Grey.",HOOD-MEN-001,60,80,60,Yes,423,Fashion,"Men's Fashion",zip-up-hoodie-for-men-soft-fleece-lined.webp,"zip-up-hoodie-for-men-soft-fleece-lined.webp, zip-up-hoodie-for-men-soft-fleece-lined-2.webp, zip-up-hoodie-for-men-soft-fleece-lined-3.webp, zip-up-hoodie-for-men-soft-fleece-lined-4.webp",Yes,Yes,"2026-01-08 13:36:12"
